0	1	2	3	4	5	6	7	8	9	10	11	12	13	14	15	16	17	18	19	20
Al	Al	Zaman	PERSON	['NP', 'NP', 'NNP', 'Al']	1.0	1.0	Al	Al	PROPN	NNP	Number=Sing	0.0	root	0:root	_	_	1.0	1.0	0.0	0.0
-	-	Zaman	PERSON	['NP', 'NP', 'HYPH', '-']	1.0	2.0	-	-	PUNCT	HYPH	_	1.0	punct	1:punct	_	_	1.0	1.0	0.0	0.0
Zaman	Zaman	killed	PERSON	['NP', 'NP', 'NNP', 'Zaman']	1.0	3.0	Zaman	Zaman	PROPN	NNP	Number=Sing	1.0	flat	1:flat	_	_	1.0	1.0	0.0	0.0
:	:	killed	NONE	['NP', ':', ':']	1.0	4.0	:	:	PUNCT	:	_	1.0	punct	1:punct	_	_	1.0	1.0	0.0	0.0
American	american	forces	NORP	['NP', 'S', 'NP', 'JJ', 'American']	1.0	5.0	American	american	ADJ	JJ	Degree=Pos	6.0	amod	6:amod	_	_	1.0	1.0	0.0	0.0
forces	force	killed	NONE	['NP', 'S', 'NP', 'NNS', 'forces']	1.0	6.0	forces	force	NOUN	NNS	Number=Plur	7.0	nsubj	7:nsubj	_	ARG0	1.0	1.0	0.0	1.0
killed	kill	killed	NONE	['NP', 'S', 'VP', 'VBD', 'killed']	1.0	7.0	killed	kill	VERB	VBD	|Mood=Ind||Tense=Past||VerbForm=Fin|	1.0	parataxis	1:parataxis	kill.01	_	1.0	1.0	1.0	0.0
Shaikh	Shaikh	Ani	NONE	['NP', 'S', 'VP', 'NP', 'NP', 'NNP', 'Shaikh']	1.0	8.0	Shaikh	Shaikh	PROPN	NNP	Number=Sing	7.0	obj	7:obj	_	ARG1	1.0	1.0	0.0	1.0
Abdullah	Abdullah	Ani	PERSON	['NP', 'S', 'VP', 'NP', 'NP', 'NNP', 'Abdullah']	1.0	9.0	Abdullah	Abdullah	PROPN	NNP	Number=Sing	8.0	flat	8:flat	_	_	1.0	1.0	0.0	0.0
al	al	Ani	PERSON	['NP', 'S', 'VP', 'NP', 'NP', 'NNP', 'al']	1.0	10.0	al	al	PROPN	NNP	Number=Sing	8.0	flat	8:flat	_	_	1.0	1.0	0.0	0.0
-	-	Ani	PERSON	['NP', 'S', 'VP', 'NP', 'NP', 'HYPH', '-']	1.0	11.0	-	-	PUNCT	HYPH	_	8.0	punct	8:punct	_	_	1.0	1.0	0.0	0.0
Ani	Ani	killed	PERSON	['NP', 'S', 'VP', 'NP', 'NP', 'NNP', 'Ani']	1.0	12.0	Ani	Ani	PROPN	NNP	Number=Sing	8.0	flat	8:flat	_	_	1.0	1.0	0.0	0.0
,	,	Ani	NONE	['NP', 'S', 'VP', 'NP', ',', ',']	1.0	13.0	,	,	PUNCT	,	_	8.0	punct	8:punct	_	_	1.0	1.0	0.0	0.0
the	the	preacher	NONE	['NP', 'S', 'VP', 'NP', 'NP', 'NP', 'DT', 'the']	1.0	14.0	the	the	DET	DT	|Definite=Def||PronType=Art|	15.0	det	15:det	_	_	1.0	1.0	0.0	0.0
preacher	preacher	Ani	NONE	['NP', 'S', 'VP', 'NP', 'NP', 'NP', 'NN', 'preacher']	1.0	15.0	preacher	preacher	NOUN	NN	Number=Sing	8.0	appos	8:appos	_	_	1.0	1.0	0.0	0.0
at	at	preacher	NONE	['NP', 'S', 'VP', 'NP', 'NP', 'PP', 'IN', 'at']	1.0	16.0	at	at	ADP	IN	_	18.0	case	18:case	_	_	1.0	1.0	0.0	0.0
the	the	mosque	NONE	['NP', 'S', 'VP', 'NP', 'NP', 'PP', 'NP', 'NP', 'DT', 'the']	1.0	17.0	the	the	DET	DT	|Definite=Def||PronType=Art|	18.0	det	18:det	_	_	1.0	1.0	0.0	0.0
mosque	mosque	at	NONE	['NP', 'S', 'VP', 'NP', 'NP', 'PP', 'NP', 'NP', 'NN', 'mosque']	1.0	18.0	mosque	mosque	NOUN	NN	Number=Sing	7.0	obl	7:obl:at	_	ARGM-LOC	1.0	1.0	0.0	1.0
in	in	mosque	NONE	['NP', 'S', 'VP', 'NP', 'NP', 'PP', 'NP', 'PP', 'IN', 'in']	1.0	19.0	in	in	ADP	IN	_	21.0	case	21:case	_	_	1.0	1.0	0.0	0.0
the	the	town	NONE	['NP', 'S', 'VP', 'NP', 'NP', 'PP', 'NP', 'PP', 'NP', 'NP', 'DT', 'the']	1.0	20.0	the	the	DET	DT	|Definite=Def||PronType=Art|	21.0	det	21:det	_	_	1.0	1.0	0.0	0.0
town	town	in	NONE	['NP', 'S', 'VP', 'NP', 'NP', 'PP', 'NP', 'PP', 'NP', 'NP', 'NN', 'town']	1.0	21.0	town	town	NOUN	NN	Number=Sing	18.0	nmod	18:nmod:in	_	_	1.0	1.0	0.0	0.0
of	of	town	NONE	['NP', 'S', 'VP', 'NP', 'NP', 'PP', 'NP', 'PP', 'NP', 'PP', 'IN', 'of']	1.0	22.0	of	of	ADP	IN	_	23.0	case	23:case	_	_	1.0	1.0	0.0	0.0
Qaim	Qaim	of	PERSON	['NP', 'S', 'VP', 'NP', 'NP', 'PP', 'NP', 'PP', 'NP', 'PP', 'NP', 'NNP', 'Qaim']	1.0	23.0	Qaim	Qaim	PROPN	NNP	Number=Sing	21.0	nmod	21:nmod:of	_	_	1.0	1.0	0.0	0.0
,	,	Ani	NONE	['NP', 'S', 'VP', 'NP', ',', ',']	1.0	24.0	,	,	PUNCT	,	_	21.0	punct	21:punct	_	_	1.0	1.0	0.0	0.0
near	near	killed	NONE	['NP', 'S', 'VP', 'PP', 'IN', 'near']	1.0	25.0	near	near	ADP	IN	_	28.0	case	28:case	_	_	1.0	1.0	0.0	0.0
the	the	border	NONE	['NP', 'S', 'VP', 'PP', 'NP', 'DT', 'the']	1.0	26.0	the	the	DET	DT	|Definite=Def||PronType=Art|	28.0	det	28:det	_	_	1.0	1.0	0.0	0.0
Syrian	syrian	border	NORP	['NP', 'S', 'VP', 'PP', 'NP', 'JJ', 'Syrian']	1.0	27.0	Syrian	syrian	ADJ	JJ	Degree=Pos	28.0	amod	28:amod	_	_	1.0	1.0	0.0	0.0
border	border	near	NONE	['NP', 'S', 'VP', 'PP', 'NP', 'NN', 'border']	1.0	28.0	border	border	NOUN	NN	Number=Sing	21.0	nmod	21:nmod:near	_	_	1.0	1.0	0.0	0.0
.	.	killed	NONE	['NP', '.', '.']	1.0	29.0	.	.	PUNCT	.	_	1.0	punct	1:punct	_	_	1.0	1.0	0.0	0.0
[	[	causing	NONE	['_']	2.0	1.0	[	[	PUNCT	-LRB-	_	10.0	punct	10:punct	_	_	2.0	2.0	0.0	0.0
This	this	killing	NONE	['S', 'NP', 'NP', 'CD', 'Two']	2.0	2.0	This	this	DET	DT	|Number=Sing||PronType=Dem|	3.0	det	3:det	_	_	2.0	2.0	0.0	0.0
killing	killing	causing	NONE	['S', 'NP', 'PP', 'IN', 'of']	2.0	3.0	killing	killing	NOUN	NN	Number=Sing	10.0	nsubj	10:nsubj	kill.01	_	2.0	2.0	1.0	0.0
of	of	killing	NONE	['S', 'NP', 'PP', 'NP', 'PRP', 'them']	2.0	4.0	of	of	ADP	IN	_	7.0	case	7:case	_	_	2.0	2.0	0.0	0.0
a	a	cleric	NONE	['S', 'VP', 'VBD', 'were']	2.0	5.0	a	a	DET	DT	|Definite=Ind||PronType=Art|	7.0	det	7:det	_	_	2.0	2.0	0.0	0.0
respected	respected	cleric	NONE	['S', 'VP', 'VP', 'VBG', 'being']	2.0	6.0	respected	respected	ADJ	JJ	Degree=Pos	7.0	amod	7:amod	_	_	2.0	2.0	0.0	0.0
cleric	cleric	of	NONE	['S', 'VP', 'VP', 'VP', 'VBN', 'run']	2.0	7.0	cleric	cleric	NOUN	NN	Number=Sing	3.0	nmod	3:nmod:of	_	ARG1	2.0	2.0	0.0	1.0
will	will	causing	NONE	['S', 'VP', 'VP', 'VP', 'PP', 'IN', 'by']	2.0	8.0	will	will	AUX	MD	VerbForm=Fin	10.0	aux	10:aux	_	_	2.0	2.0	0.0	0.0
be	be	causing	NONE	['S', 'VP', 'VP', 'VP', 'PP', 'NP', 'NP', 'CD', '2']	2.0	9.0	be	be	AUX	VB	VerbForm=Inf	10.0	aux	10:aux	_	_	2.0	2.0	0.0	0.0
causing	cause	causing	NONE	['S', 'VP', 'VP', 'VP', 'PP', 'NP', 'NP', 'NNS', 'officials']	2.0	10.0	causing	cause	VERB	VBG	VerbForm=Ger	0.0	root	0:root	_	_	2.0	2.0	0.0	0.0
us	we	causing	NONE	['S', 'VP', 'VP', 'VP', 'PP', 'NP', 'PP', 'IN', 'of']	2.0	11.0	us	we	PRON	PRP	|Case=Acc||Number=Plur||Person=1||PronType=Prs|	10.0	iobj	10:iobj	_	_	2.0	2.0	0.0	0.0
trouble	trouble	causing	NONE	['S', 'VP', 'VP', 'VP', 'PP', 'NP', 'PP', 'NP', 'NP', 'DT', 'the']	2.0	12.0	trouble	trouble	NOUN	NN	Number=Sing	10.0	obj	10:obj	_	_	2.0	2.0	0.0	0.0
for	for	causing	NONE	['S', 'VP', 'VP', 'VP', 'PP', 'NP', 'PP', 'NP', 'NP', 'NNP', 'Ministry']	2.0	13.0	for	for	ADP	IN	_	14.0	case	14:case	_	_	2.0	2.0	0.0	0.0
years	year	for	DATE	['S', 'VP', 'VP', 'VP', 'PP', 'NP', 'PP', 'NP', 'PP', 'IN', 'of']	2.0	14.0	years	year	NOUN	NNS	Number=Plur	10.0	obl	10:obl:for	_	_	2.0	2.0	0.0	0.0
to	to	come	NONE	['S', 'VP', 'VP', 'VP', 'PP', 'NP', 'PP', 'NP', 'PP', 'NP', 'DT', 'the']	2.0	15.0	to	to	PART	TO	_	16.0	mark	16:mark	_	_	2.0	2.0	0.0	0.0
come	come	years	NONE	['S', 'VP', 'VP', 'VP', 'PP', 'NP', 'PP', 'NP', 'PP', 'NP', 'NNP', 'Interior']	2.0	16.0	come	come	VERB	VB	VerbForm=Inf	14.0	acl	14:acl:to	_	_	2.0	2.0	0.0	0.0
.	.	causing	NONE	['S', 'VP', 'VP', 'VP', '.', '!']	2.0	17.0	.	.	PUNCT	.	_	10.0	punct	10:punct	_	_	2.0	2.0	0.0	0.0
]	]	]	NONE	['S', 'VP', 'VP', 'VP', 'S', 'NP', 'NP', 'CD', 'Two']	2.0	18.0	]	]	PUNCT	-RRB-	_	10.0	punct	10:punct	_	_	2.0	2.0	0.0	0.0
[	[	causing	NONE	['S', 'VP', 'VP', 'VP', 'S', 'NP', 'PP', 'IN', 'of']	2.0	1.0	[	[	PUNCT	-LRB-	_	10.0	punct	10:punct	_	_	2.0	3.0	0.0	0.0
This	this	killing	NONE	['S', 'VP', 'VP', 'VP', 'S', 'NP', 'PP', 'NP', 'PRP', 'them']	2.0	2.0	This	this	DET	DT	|Number=Sing||PronType=Dem|	3.0	det	3:det	_	_	2.0	3.0	0.0	0.0
killing	killing	causing	NONE	['S', 'VP', 'VP', 'VP', 'S', 'VP', 'VBD', 'were']	2.0	3.0	killing	killing	NOUN	NN	Number=Sing	10.0	nsubj	10:nsubj	_	_	2.0	3.0	0.0	0.0
of	of	killing	NONE	['S', 'VP', 'VP', 'VP', 'S', 'VP', 'VP', 'VBG', 'being']	2.0	4.0	of	of	ADP	IN	_	7.0	case	7:case	_	_	2.0	3.0	0.0	0.0
a	a	cleric	NONE	['S', 'VP', 'VP', 'VP', 'S', 'VP', 'VP', 'VP', 'VBN', 'run']	2.0	5.0	a	a	DET	DT	|Definite=Ind||PronType=Art|	7.0	det	7:det	_	_	2.0	3.0	0.0	0.0
respected	respected	cleric	NONE	['S', 'VP', 'VP', 'VP', 'S', 'VP', 'VP', 'VP', 'PP', 'IN', 'by']	2.0	6.0	respected	respected	ADJ	JJ	Degree=Pos	7.0	amod	7:amod	_	_	2.0	3.0	0.0	0.0
cleric	cleric	of	NONE	['S', 'VP', 'VP', 'VP', 'S', 'VP', 'VP', 'VP', 'PP', 'NP', 'NP', 'CD', '2']	2.0	7.0	cleric	cleric	NOUN	NN	Number=Sing	3.0	nmod	3:nmod:of	_	_	2.0	3.0	0.0	0.0
will	will	causing	NONE	['S', 'VP', 'VP', 'VP', 'S', 'VP', 'VP', 'VP', 'PP', 'NP', 'NP', 'NNS', 'officials']	2.0	8.0	will	will	AUX	MD	VerbForm=Fin	10.0	aux	10:aux	_	_	2.0	3.0	0.0	0.0
be	be	causing	NONE	['S', 'VP', 'VP', 'VP', 'S', 'VP', 'VP', 'VP', 'PP', 'NP', 'PP', 'IN', 'of']	2.0	9.0	be	be	AUX	VB	VerbForm=Inf	10.0	aux	10:aux	be.03	_	2.0	3.0	1.0	0.0
causing	cause	causing	NONE	['S', 'VP', 'VP', 'VP', 'S', 'VP', 'VP', 'VP', 'PP', 'NP', 'PP', 'NP', 'NP', 'DT', 'the']	2.0	10.0	causing	cause	VERB	VBG	VerbForm=Ger	0.0	root	0:root	_	_	2.0	3.0	0.0	0.0
us	we	causing	NONE	['S', 'VP', 'VP', 'VP', 'S', 'VP', 'VP', 'VP', 'PP', 'NP', 'PP', 'NP', 'NP', 'NNP', 'Ministry']	2.0	11.0	us	we	PRON	PRP	|Case=Acc||Number=Plur||Person=1||PronType=Prs|	10.0	iobj	10:iobj	_	_	2.0	3.0	0.0	0.0
trouble	trouble	causing	NONE	['S', 'VP', 'VP', 'VP', 'S', 'VP', 'VP', 'VP', 'PP', 'NP', 'PP', 'NP', 'PP', 'IN', 'of']	2.0	12.0	trouble	trouble	NOUN	NN	Number=Sing	10.0	obj	10:obj	_	_	2.0	3.0	0.0	0.0
for	for	causing	NONE	['S', 'VP', 'VP', 'VP', 'S', 'VP', 'VP', 'VP', 'PP', 'NP', 'PP', 'NP', 'PP', 'NP', 'DT', 'the']	2.0	13.0	for	for	ADP	IN	_	14.0	case	14:case	_	_	2.0	3.0	0.0	0.0
years	year	for	DATE	['S', 'VP', 'VP', 'VP', 'S', 'VP', 'VP', 'VP', 'PP', 'NP', 'PP', 'NP', 'PP', 'NP', 'NNP', 'Interior']	2.0	14.0	years	year	NOUN	NNS	Number=Plur	10.0	obl	10:obl:for	_	_	2.0	3.0	0.0	0.0
to	to	come	NONE	['S', 'VP', 'VP', 'VP', '.', '!']	2.0	15.0	to	to	PART	TO	_	16.0	mark	16:mark	_	_	2.0	3.0	0.0	0.0
come	come	years	NONE	['S', 'VP', 'VP', 'VP', 'S', 'NP', 'NP', 'CD', 'Two']	2.0	16.0	come	come	VERB	VB	VerbForm=Inf	14.0	acl	14:acl:to	_	_	2.0	3.0	0.0	0.0
.	.	causing	NONE	['S', 'VP', 'VP', 'VP', 'S', 'NP', 'PP', 'IN', 'of']	2.0	17.0	.	.	PUNCT	.	_	10.0	punct	10:punct	_	_	2.0	3.0	0.0	0.0
]	]	]	NONE	['S', 'VP', 'VP', 'VP', 'S', 'NP', 'PP', 'NP', 'PRP', 'them']	2.0	18.0	]	]	PUNCT	-RRB-	_	10.0	punct	10:punct	_	_	2.0	3.0	0.0	0.0
[	[	causing	NONE	['S', 'VP', 'VP', 'VP', 'S', 'VP', 'VBD', 'were']	2.0	1.0	[	[	PUNCT	-LRB-	_	10.0	punct	10:punct	_	_	2.0	4.0	0.0	0.0
This	this	killing	NONE	['S', 'VP', 'VP', 'VP', 'S', 'VP', 'VP', 'VBG', 'being']	2.0	2.0	This	this	DET	DT	|Number=Sing||PronType=Dem|	3.0	det	3:det	_	_	2.0	4.0	0.0	0.0
killing	killing	causing	NONE	['S', 'VP', 'VP', 'VP', 'S', 'VP', 'VP', 'VP', 'VBN', 'run']	2.0	3.0	killing	killing	NOUN	NN	Number=Sing	10.0	nsubj	10:nsubj	_	ARG0	2.0	4.0	0.0	1.0
of	of	killing	NONE	['S', 'VP', 'VP', 'VP', 'S', 'VP', 'VP', 'VP', 'PP', 'IN', 'by']	2.0	4.0	of	of	ADP	IN	_	7.0	case	7:case	_	_	2.0	4.0	0.0	0.0
a	a	cleric	NONE	['S', 'VP', 'VP', 'VP', 'S', 'VP', 'VP', 'VP', 'PP', 'NP', 'NP', 'CD', '2']	2.0	5.0	a	a	DET	DT	|Definite=Ind||PronType=Art|	7.0	det	7:det	_	_	2.0	4.0	0.0	0.0
respected	respected	cleric	NONE	['S', 'VP', 'VP', 'VP', 'S', 'VP', 'VP', 'VP', 'PP', 'NP', 'NP', 'NNS', 'officials']	2.0	6.0	respected	respected	ADJ	JJ	Degree=Pos	7.0	amod	7:amod	_	_	2.0	4.0	0.0	0.0
cleric	cleric	of	NONE	['S', 'VP', 'VP', 'VP', 'S', 'VP', 'VP', 'VP', 'PP', 'NP', 'PP', 'IN', 'of']	2.0	7.0	cleric	cleric	NOUN	NN	Number=Sing	3.0	nmod	3:nmod:of	_	_	2.0	4.0	0.0	0.0
will	will	causing	NONE	['S', 'VP', 'VP', 'VP', 'S', 'VP', 'VP', 'VP', 'PP', 'NP', 'PP', 'NP', 'NP', 'DT', 'the']	2.0	8.0	will	will	AUX	MD	VerbForm=Fin	10.0	aux	10:aux	_	ARGM-MOD	2.0	4.0	0.0	1.0
be	be	causing	NONE	['S', 'VP', 'VP', 'VP', 'S', 'VP', 'VP', 'VP', 'PP', 'NP', 'PP', 'NP', 'NP', 'NNP', 'Ministry']	2.0	9.0	be	be	AUX	VB	VerbForm=Inf	10.0	aux	10:aux	_	_	2.0	4.0	0.0	0.0
causing	cause	causing	NONE	['S', 'VP', 'VP', 'VP', 'S', 'VP', 'VP', 'VP', 'PP', 'NP', 'PP', 'NP', 'PP', 'IN', 'of']	2.0	10.0	causing	cause	VERB	VBG	VerbForm=Ger	0.0	root	0:root	cause.01	_	2.0	4.0	1.0	0.0
us	we	causing	NONE	['S', 'VP', 'VP', 'VP', 'S', 'VP', 'VP', 'VP', 'PP', 'NP', 'PP', 'NP', 'PP', 'NP', 'DT', 'the']	2.0	11.0	us	we	PRON	PRP	|Case=Acc||Number=Plur||Person=1||PronType=Prs|	10.0	iobj	10:iobj	_	ARGM-GOL	2.0	4.0	0.0	1.0
trouble	trouble	causing	NONE	['S', 'VP', 'VP', 'VP', 'S', 'VP', 'VP', 'VP', 'PP', 'NP', 'PP', 'NP', 'PP', 'NP', 'NNP', 'Interior']	2.0	12.0	trouble	trouble	NOUN	NN	Number=Sing	10.0	obj	10:obj	_	ARG1	2.0	4.0	0.0	1.0
for	for	causing	NONE	['S', '.', '!']	2.0	13.0	for	for	ADP	IN	_	14.0	case	14:case	_	_	2.0	4.0	0.0	0.0
years	year	for	DATE	['NP', 'NP', 'NNP', 'DPA']	2.0	14.0	years	year	NOUN	NNS	Number=Plur	10.0	obl	10:obl:for	_	ARGM-TMP	2.0	4.0	0.0	1.0
to	to	come	NONE	['NP', ':', ':']	2.0	15.0	to	to	PART	TO	_	16.0	mark	16:mark	_	_	2.0	4.0	0.0	0.0
come	come	years	NONE	['NP', 'S', 'S', 'NP', 'JJ', 'Iraqi']	2.0	16.0	come	come	VERB	VB	VerbForm=Inf	14.0	acl	14:acl:to	_	_	2.0	4.0	0.0	0.0
.	.	causing	NONE	['NP', 'S', 'S', 'NP', 'NNS', 'authorities']	2.0	17.0	.	.	PUNCT	.	_	10.0	punct	10:punct	_	_	2.0	4.0	0.0	0.0
]	]	]	NONE	['NP', 'S', 'S', 'VP', 'VBD', 'announced']	2.0	18.0	]	]	PUNCT	-RRB-	_	10.0	punct	10:punct	_	_	2.0	4.0	0.0	0.0
[	[	causing	NONE	['NP', 'S', 'S', 'VP', 'SBAR', 'IN', 'that']	2.0	1.0	[	[	PUNCT	-LRB-	_	10.0	punct	10:punct	_	_	2.0	5.0	0.0	0.0
This	this	killing	NONE	['NP', 'S', 'S', 'VP', 'SBAR', 'S', 'NP', 'PRP', 'they']	2.0	2.0	This	this	DET	DT	|Number=Sing||PronType=Dem|	3.0	det	3:det	_	_	2.0	5.0	0.0	0.0
killing	killing	causing	NONE	['NP', 'S', 'S', 'VP', 'SBAR', 'S', 'VP', 'VBD', 'had']	2.0	3.0	killing	killing	NOUN	NN	Number=Sing	10.0	nsubj	10:nsubj	_	_	2.0	5.0	0.0	0.0
of	of	killing	NONE	['NP', 'S', 'S', 'VP', 'SBAR', 'S', 'VP', 'VP', 'VBN', 'busted']	2.0	4.0	of	of	ADP	IN	_	7.0	case	7:case	_	_	2.0	5.0	0.0	0.0
a	a	cleric	NONE	['NP', 'S', 'S', 'VP', 'SBAR', 'S', 'VP', 'VP', 'PRT', 'RP', 'up']	2.0	5.0	a	a	DET	DT	|Definite=Ind||PronType=Art|	7.0	det	7:det	_	_	2.0	5.0	0.0	0.0
respected	respected	cleric	NONE	['NP', 'S', 'S', 'VP', 'SBAR', 'S', 'VP', 'VP', 'NP', 'NP', 'CD', '3']	2.0	6.0	respected	respected	ADJ	JJ	Degree=Pos	7.0	amod	7:amod	_	_	2.0	5.0	0.0	0.0
cleric	cleric	of	NONE	['NP', 'S', 'S', 'VP', 'SBAR', 'S', 'VP', 'VP', 'NP', 'NP', 'JJ', 'terrorist']	2.0	7.0	cleric	cleric	NOUN	NN	Number=Sing	3.0	nmod	3:nmod:of	_	_	2.0	5.0	0.0	0.0
will	will	causing	NONE	['NP', 'S', 'S', 'VP', 'SBAR', 'S', 'VP', 'VP', 'NP', 'NP', 'NNS', 'cells']	2.0	8.0	will	will	AUX	MD	VerbForm=Fin	10.0	aux	10:aux	_	_	2.0	5.0	0.0	0.0
be	be	causing	NONE	['NP', 'S', 'S', 'VP', 'SBAR', 'S', 'VP', 'VP', 'NP', 'VP', 'VBG', 'operating']	2.0	9.0	be	be	AUX	VB	VerbForm=Inf	10.0	aux	10:aux	_	_	2.0	5.0	0.0	0.0
causing	cause	causing	NONE	['NP', 'S', 'S', 'VP', 'SBAR', 'S', 'VP', 'VP', 'NP', 'VP', 'PP', 'IN', 'in']	2.0	10.0	causing	cause	VERB	VBG	VerbForm=Ger	0.0	root	0:root	_	_	2.0	5.0	0.0	0.0
us	we	causing	NONE	['NP', 'S', 'S', 'VP', 'SBAR', 'S', 'VP', 'VP', 'NP', 'VP', 'PP', 'NP', 'NNP', 'Baghdad']	2.0	11.0	us	we	PRON	PRP	|Case=Acc||Number=Plur||Person=1||PronType=Prs|	10.0	iobj	10:iobj	_	_	2.0	5.0	0.0	0.0
trouble	trouble	causing	NONE	['NP', 'S', 'S', 'VP', 'SBAR', 'S', 'VP', 'VP', 'NP', 'VP', 'PP', 'NP', '.', '.']	2.0	12.0	trouble	trouble	NOUN	NN	Number=Sing	10.0	obj	10:obj	_	_	2.0	5.0	0.0	0.0
for	for	causing	NONE	['NP', 'S', 'S', 'VP', 'SBAR', 'S', 'VP', 'VP', 'NP', 'VP', 'PP', 'NP', 'NNP', 'DPA']	2.0	13.0	for	for	ADP	IN	_	14.0	case	14:case	_	_	2.0	5.0	0.0	0.0
years	year	for	DATE	['NP', 'S', ':', ':']	2.0	14.0	years	year	NOUN	NNS	Number=Plur	10.0	obl	10:obl:for	_	ARG1	2.0	5.0	0.0	1.0
to	to	come	NONE	['NP', 'S', 'S', 'NP', 'JJ', 'Iraqi']	2.0	15.0	to	to	PART	TO	_	16.0	mark	16:mark	_	_	2.0	5.0	0.0	0.0
come	come	years	NONE	['NP', 'S', 'S', 'NP', 'NNS', 'authorities']	2.0	16.0	come	come	VERB	VB	VerbForm=Inf	14.0	acl	14:acl:to	come.01	_	2.0	5.0	1.0	0.0
.	.	causing	NONE	['NP', 'S', 'S', 'VP', 'VBD', 'announced']	2.0	17.0	.	.	PUNCT	.	_	10.0	punct	10:punct	_	_	2.0	5.0	0.0	0.0
]	]	causing	NONE	['NP', 'S', 'S', 'VP', 'SBAR', 'IN', 'that']	2.0	18.0	]	]	PUNCT	-RRB-	_	10.0	punct	10:punct	_	_	2.0	5.0	0.0	0.0
DPA	dpa	DPA	ORG	['NP', 'S', 'S', 'VP', 'SBAR', 'S', 'NP', 'PRP', 'they']	3.0	1.0	DPA	DPA	PROPN	NNP	Number=Sing	0.0	root	0:root	_	_	3.0	6.0	0.0	0.0
:	:	DPA	NONE	['NP', 'S', 'S', 'VP', 'SBAR', 'S', 'VP', 'VBD', 'had']	3.0	2.0	:	:	PUNCT	:	_	1.0	punct	1:punct	_	_	3.0	6.0	0.0	0.0
Iraqi	iraqi	authorities	NORP	['NP', 'S', 'S', 'VP', 'SBAR', 'S', 'VP', 'VP', 'VBN', 'busted']	3.0	3.0	Iraqi	iraqi	ADJ	JJ	Degree=Pos	4.0	amod	4:amod	_	_	3.0	6.0	0.0	0.0
authorities	authority	announced	NONE	['NP', 'S', 'S', 'VP', 'SBAR', 'S', 'VP', 'VP', 'PRT', 'RP', 'up']	3.0	4.0	authorities	authority	NOUN	NNS	Number=Plur	5.0	nsubj	5:nsubj	_	ARG0	3.0	6.0	0.0	1.0
announced	announce	announced	NONE	['NP', 'S', 'S', 'VP', 'SBAR', 'S', 'VP', 'VP', 'NP', 'NP', 'CD', '3']	3.0	5.0	announced	announce	VERB	VBD	|Mood=Ind||Tense=Past||VerbForm=Fin|	1.0	parataxis	1:parataxis	announce.01	_	3.0	6.0	1.0	0.0
that	that	busted	NONE	['NP', 'S', 'S', 'VP', 'SBAR', 'S', 'VP', 'VP', 'NP', 'NP', 'JJ', 'terrorist']	3.0	6.0	that	that	SCONJ	IN	_	9.0	mark	9:mark	_	_	3.0	6.0	0.0	0.0
they	they	busted	NONE	['NP', 'S', 'S', 'VP', 'SBAR', 'S', 'VP', 'VP', 'NP', 'NP', 'NNS', 'cells']	3.0	7.0	they	they	PRON	PRP	|Case=Nom||Number=Plur||Person=3||PronType=Prs|	9.0	nsubj	9:nsubj	_	_	3.0	6.0	0.0	0.0
had	have	busted	NONE	['NP', 'S', 'S', 'VP', 'SBAR', 'S', 'VP', 'VP', 'NP', 'VP', 'VBG', 'operating']	3.0	8.0	had	have	AUX	VBD	|Mood=Ind||Tense=Past||VerbForm=Fin|	9.0	aux	9:aux	_	_	3.0	6.0	0.0	0.0
busted	bust	announced	NONE	['NP', 'S', 'S', 'VP', 'SBAR', 'S', 'VP', 'VP', 'NP', 'VP', 'PP', 'IN', 'in']	3.0	9.0	busted	bust	VERB	VBN	|Tense=Past||VerbForm=Part|	5.0	ccomp	5:ccomp	_	ARG1	3.0	6.0	0.0	1.0
up	up	busted	NONE	['NP', 'S', 'S', 'VP', 'SBAR', 'S', 'VP', 'VP', 'NP', 'VP', 'PP', 'NP', 'NNP', 'Baghdad']	3.0	10.0	up	up	ADP	RP	_	9.0	compound:prt	9:compound:prt	_	_	3.0	6.0	0.0	0.0
3	3	cells	CARDINAL	['NP', 'S', 'S', 'VP', 'SBAR', 'S', 'VP', 'VP', 'NP', 'VP', 'PP', 'NP', '.', '.']	3.0	11.0	3	3	NUM	CD	NumType=Card	13.0	nummod	13:nummod	_	_	3.0	6.0	0.0	0.0
terrorist	terrorist	cells	NONE	['NP', 'S', 'S', 'VP', 'SBAR', 'S', 'VP', 'VP', 'NP', 'VP', 'PP', 'NP', 'NNP', 'DPA']	3.0	12.0	terrorist	terrorist	ADJ	JJ	Degree=Pos	13.0	amod	13:amod	_	_	3.0	6.0	0.0	0.0
cells	cell	busted	NONE	['NP', 'S', ':', ':']	3.0	13.0	cells	cell	NOUN	NNS	Number=Plur	9.0	obj	9:obj	_	_	3.0	6.0	0.0	0.0
operating	operate	cells	NONE	['NP', 'S', 'S', 'NP', 'JJ', 'Iraqi']	3.0	14.0	operating	operate	VERB	VBG	VerbForm=Ger	13.0	acl	13:acl	_	_	3.0	6.0	0.0	0.0
in	in	operating	NONE	['NP', 'S', 'S', 'NP', 'NNS', 'authorities']	3.0	15.0	in	in	ADP	IN	_	16.0	case	16:case	_	_	3.0	6.0	0.0	0.0
Baghdad	Baghdad	in	GPE	['NP', 'S', 'S', 'VP', 'VBD', 'announced']	3.0	16.0	Baghdad	Baghdad	PROPN	NNP	Number=Sing	14.0	obl	14:obl:in	_	_	3.0	6.0	0.0	0.0
.	.	announced	NONE	['NP', 'S', 'S', 'VP', 'SBAR', 'IN', 'that']	3.0	17.0	.	.	PUNCT	.	_	1.0	punct	1:punct	_	_	3.0	6.0	0.0	0.0
DPA	dpa	DPA	NONE	['NP', 'S', 'S', 'VP', 'SBAR', 'S', 'NP', 'PRP', 'they']	3.0	1.0	DPA	DPA	PROPN	NNP	Number=Sing	0.0	root	0:root	_	_	3.0	7.0	0.0	0.0
:	:	DPA	NONE	['NP', 'S', 'S', 'VP', 'SBAR', 'S', 'VP', 'VBD', 'had']	3.0	2.0	:	:	PUNCT	:	_	1.0	punct	1:punct	_	_	3.0	7.0	0.0	0.0
Iraqi	iraqi	authorities	NORP	['NP', 'S', 'S', 'VP', 'SBAR', 'S', 'VP', 'VP', 'VBN', 'busted']	3.0	3.0	Iraqi	iraqi	ADJ	JJ	Degree=Pos	4.0	amod	4:amod	_	_	3.0	7.0	0.0	0.0
authorities	authority	announced	NONE	['NP', 'S', 'S', 'VP', 'SBAR', 'S', 'VP', 'VP', 'PRT', 'RP', 'up']	3.0	4.0	authorities	authority	NOUN	NNS	Number=Plur	5.0	nsubj	5:nsubj	_	_	3.0	7.0	0.0	0.0
announced	announce	announced	NONE	['NP', 'S', 'S', 'VP', 'SBAR', 'S', 'VP', 'VP', 'NP', 'NP', 'CD', '3']	3.0	5.0	announced	announce	VERB	VBD	|Mood=Ind||Tense=Past||VerbForm=Fin|	1.0	parataxis	1:parataxis	_	_	3.0	7.0	0.0	0.0
that	that	busted	NONE	['NP', 'S', 'S', 'VP', 'SBAR', 'S', 'VP', 'VP', 'NP', 'NP', 'JJ', 'terrorist']	3.0	6.0	that	that	SCONJ	IN	_	9.0	mark	9:mark	_	_	3.0	7.0	0.0	0.0
they	they	busted	NONE	['NP', 'S', 'S', 'VP', 'SBAR', 'S', 'VP', 'VP', 'NP', 'NP', 'NNS', 'cells']	3.0	7.0	they	they	PRON	PRP	|Case=Nom||Number=Plur||Person=3||PronType=Prs|	9.0	nsubj	9:nsubj	_	_	3.0	7.0	0.0	0.0
had	have	busted	NONE	['NP', 'S', 'S', 'VP', 'SBAR', 'S', 'VP', 'VP', 'NP', 'VP', 'VBG', 'operating']	3.0	8.0	had	have	AUX	VBD	|Mood=Ind||Tense=Past||VerbForm=Fin|	9.0	aux	9:aux	have.01	_	3.0	7.0	1.0	0.0
busted	bust	announced	NONE	['NP', 'S', 'S', 'VP', 'SBAR', 'S', 'VP', 'VP', 'NP', 'VP', 'PP', 'IN', 'in']	3.0	9.0	busted	bust	VERB	VBN	|Tense=Past||VerbForm=Part|	5.0	ccomp	5:ccomp	_	_	3.0	7.0	0.0	0.0
up	up	busted	NONE	['NP', 'S', 'S', 'VP', 'SBAR', 'S', 'VP', 'VP', 'NP', 'VP', 'PP', 'NP', 'NNP', 'Baghdad']	3.0	10.0	up	up	ADP	RP	_	9.0	compound:prt	9:compound:prt	_	_	3.0	7.0	0.0	0.0
3	3	cells	CARDINAL	['NP', 'S', 'S', 'VP', 'SBAR', 'S', 'VP', 'VP', 'NP', 'VP', 'PP', 'NP', '.', '.']	3.0	11.0	3	3	NUM	CD	NumType=Card	13.0	nummod	13:nummod	_	_	3.0	7.0	0.0	0.0
terrorist	terrorist	cells	NONE	['NP', 'S', 'S', 'VP', 'SBAR', 'S', 'VP', 'VP', 'NP', 'VP', 'PP', 'NP', 'NNP', 'DPA']	3.0	12.0	terrorist	terrorist	ADJ	JJ	Degree=Pos	13.0	amod	13:amod	_	_	3.0	7.0	0.0	0.0
cells	cell	busted	NONE	['NP', 'S', ':', ':']	3.0	13.0	cells	cell	NOUN	NNS	Number=Plur	9.0	obj	9:obj	_	_	3.0	7.0	0.0	0.0
operating	operate	cells	NONE	['NP', 'S', 'S', 'NP', 'JJ', 'Iraqi']	3.0	14.0	operating	operate	VERB	VBG	VerbForm=Ger	13.0	acl	13:acl	_	_	3.0	7.0	0.0	0.0
in	in	operating	NONE	['NP', 'S', 'S', 'NP', 'NNS', 'authorities']	3.0	15.0	in	in	ADP	IN	_	16.0	case	16:case	_	_	3.0	7.0	0.0	0.0
Baghdad	Baghdad	in	GPE	['NP', 'S', 'S', 'VP', 'VBD', 'announced']	3.0	16.0	Baghdad	Baghdad	PROPN	NNP	Number=Sing	14.0	obl	14:obl:in	_	_	3.0	7.0	0.0	0.0
.	.	announced	NONE	['NP', 'S', 'S', 'VP', 'SBAR', 'IN', 'that']	3.0	17.0	.	.	PUNCT	.	_	1.0	punct	1:punct	_	_	3.0	7.0	0.0	0.0
DPA	dpa	DPA	NONE	['NP', 'S', 'S', 'VP', 'SBAR', 'S', 'NP', 'PRP', 'they']	3.0	1.0	DPA	DPA	PROPN	NNP	Number=Sing	0.0	root	0:root	_	_	3.0	8.0	0.0	0.0
:	:	DPA	NONE	['NP', 'S', 'S', 'VP', 'SBAR', 'S', 'VP', 'VBD', 'had']	3.0	2.0	:	:	PUNCT	:	_	1.0	punct	1:punct	_	_	3.0	8.0	0.0	0.0
Iraqi	iraqi	authorities	NORP	['NP', 'S', 'S', 'VP', 'SBAR', 'S', 'VP', 'VP', 'VBN', 'busted']	3.0	3.0	Iraqi	iraqi	ADJ	JJ	Degree=Pos	4.0	amod	4:amod	_	_	3.0	8.0	0.0	0.0
authorities	authority	announced	NONE	['NP', 'S', 'S', 'VP', 'SBAR', 'S', 'VP', 'VP', 'PRT', 'RP', 'up']	3.0	4.0	authorities	authority	NOUN	NNS	Number=Plur	5.0	nsubj	5:nsubj	_	_	3.0	8.0	0.0	0.0
announced	announce	announced	NONE	['NP', 'S', 'S', 'VP', 'SBAR', 'S', 'VP', 'VP', 'NP', 'NP', 'CD', '3']	3.0	5.0	announced	announce	VERB	VBD	|Mood=Ind||Tense=Past||VerbForm=Fin|	1.0	parataxis	1:parataxis	_	_	3.0	8.0	0.0	0.0
that	that	busted	NONE	['NP', 'S', 'S', 'VP', 'SBAR', 'S', 'VP', 'VP', 'NP', 'NP', 'JJ', 'terrorist']	3.0	6.0	that	that	SCONJ	IN	_	9.0	mark	9:mark	_	_	3.0	8.0	0.0	0.0
they	they	busted	NONE	['NP', 'S', 'S', 'VP', 'SBAR', 'S', 'VP', 'VP', 'NP', 'NP', 'NNS', 'cells']	3.0	7.0	they	they	PRON	PRP	|Case=Nom||Number=Plur||Person=3||PronType=Prs|	9.0	nsubj	9:nsubj	_	ARG0	3.0	8.0	0.0	1.0
had	have	busted	NONE	['NP', 'S', 'S', 'VP', 'SBAR', 'S', 'VP', 'VP', 'NP', 'VP', 'VBG', 'operating']	3.0	8.0	had	have	AUX	VBD	|Mood=Ind||Tense=Past||VerbForm=Fin|	9.0	aux	9:aux	_	_	3.0	8.0	0.0	0.0
busted	bust	announced	NONE	['NP', 'S', 'S', 'VP', 'SBAR', 'S', 'VP', 'VP', 'NP', 'VP', 'PP', 'IN', 'in']	3.0	9.0	busted	bust	VERB	VBN	|Tense=Past||VerbForm=Part|	5.0	ccomp	5:ccomp	bust_up.04	_	3.0	8.0	1.0	0.0
up	up	busted	NONE	['NP', 'S', 'S', 'VP', 'SBAR', 'S', 'VP', 'VP', 'NP', 'VP', 'PP', 'NP', 'NNP', 'Baghdad']	3.0	10.0	up	up	ADP	RP	_	9.0	compound:prt	9:compound:prt	_	_	3.0	8.0	0.0	0.0
3	3	cells	CARDINAL	['NP', '.', '.']	3.0	11.0	3	3	NUM	CD	NumType=Card	13.0	nummod	13:nummod	_	_	3.0	8.0	0.0	0.0
terrorist	terrorist	cells	NONE	['S', 'S', 'NP', 'NP', 'DT', 'The']	3.0	12.0	terrorist	terrorist	ADJ	JJ	Degree=Pos	13.0	amod	13:amod	_	_	3.0	8.0	0.0	0.0
cells	cell	busted	NONE	['S', 'S', 'NP', 'NP', 'NNP', 'MoI']	3.0	13.0	cells	cell	NOUN	NNS	Number=Plur	9.0	obj	9:obj	_	ARG1	3.0	8.0	0.0	1.0
operating	operate	cells	NONE	['S', 'S', 'NP', 'PP', 'IN', 'in']	3.0	14.0	operating	operate	VERB	VBG	VerbForm=Ger	13.0	acl	13:acl	_	_	3.0	8.0	0.0	0.0
in	in	operating	NONE	['S', 'S', 'NP', 'PP', 'NP', 'NNP', 'Iraq']	3.0	15.0	in	in	ADP	IN	_	16.0	case	16:case	_	_	3.0	8.0	0.0	0.0
Baghdad	Baghdad	in	GPE	['S', 'S', 'VP', 'VBZ', 'is']	3.0	16.0	Baghdad	Baghdad	PROPN	NNP	Number=Sing	14.0	obl	14:obl:in	_	_	3.0	8.0	0.0	0.0
.	.	announced	NONE	['S', 'S', 'VP', 'ADJP', 'JJ', 'equivalent']	3.0	17.0	.	.	PUNCT	.	_	1.0	punct	1:punct	_	_	3.0	8.0	0.0	0.0
DPA	dpa	DPA	NONE	['S', 'S', 'VP', 'ADJP', 'PP', 'IN', 'to']	3.0	1.0	DPA	DPA	PROPN	NNP	Number=Sing	0.0	root	0:root	_	_	3.0	9.0	0.0	0.0
:	:	DPA	NONE	['S', 'S', 'VP', 'ADJP', 'PP', 'NP', 'DT', 'the']	3.0	2.0	:	:	PUNCT	:	_	1.0	punct	1:punct	_	_	3.0	9.0	0.0	0.0
Iraqi	iraqi	authorities	NORP	['S', 'S', 'VP', 'ADJP', 'PP', 'NP', 'NNP', 'US']	3.0	3.0	Iraqi	iraqi	ADJ	JJ	Degree=Pos	4.0	amod	4:amod	_	_	3.0	9.0	0.0	0.0
authorities	authority	announced	NONE	['S', 'S', 'VP', 'ADJP', 'PP', 'NP', 'NNP', 'FBI']	3.0	4.0	authorities	authority	NOUN	NNS	Number=Plur	5.0	nsubj	5:nsubj	_	_	3.0	9.0	0.0	0.0
announced	announce	announced	NONE	['S', 'S', 'VP', ',', ',']	3.0	5.0	announced	announce	VERB	VBD	|Mood=Ind||Tense=Past||VerbForm=Fin|	1.0	parataxis	1:parataxis	_	_	3.0	9.0	0.0	0.0
that	that	busted	NONE	['S', 'S', 'VP', 'SBAR', 'RB', 'so']	3.0	6.0	that	that	SCONJ	IN	_	9.0	mark	9:mark	_	_	3.0	9.0	0.0	0.0
they	they	busted	NONE	['S', 'S', 'VP', 'SBAR', 'S', 'NP', 'DT', 'this']	3.0	7.0	they	they	PRON	PRP	|Case=Nom||Number=Plur||Person=3||PronType=Prs|	9.0	nsubj	9:nsubj	_	_	3.0	9.0	0.0	0.0
had	have	busted	NONE	['S', 'S', 'VP', 'SBAR', 'S', 'VP', 'MD', 'would']	3.0	8.0	had	have	AUX	VBD	|Mood=Ind||Tense=Past||VerbForm=Fin|	9.0	aux	9:aux	_	_	3.0	9.0	0.0	0.0
busted	bust	announced	NONE	['S', 'S', 'VP', 'SBAR', 'S', 'VP', 'VP', 'VB', 'be']	3.0	9.0	busted	bust	VERB	VBN	|Tense=Past||VerbForm=Part|	5.0	ccomp	5:ccomp	_	_	3.0	9.0	0.0	0.0
up	up	busted	NONE	['S', 'S', 'VP', 'SBAR', 'S', 'VP', 'VP', 'PP', 'IN', 'like']	3.0	10.0	up	up	ADP	RP	_	9.0	compound:prt	9:compound:prt	_	_	3.0	9.0	0.0	0.0
3	3	cells	CARDINAL	['S', 'S', 'VP', 'SBAR', 'S', 'VP', 'VP', 'PP', 'S', 'VP', 'VBG', 'having']	3.0	11.0	3	3	NUM	CD	NumType=Card	13.0	nummod	13:nummod	_	_	3.0	9.0	0.0	0.0
terrorist	terrorist	cells	NONE	['S', 'S', 'VP', 'SBAR', 'S', 'VP', 'VP', 'PP', 'S', 'VP', 'S', 'NP', 'NNP', 'J.']	3.0	12.0	terrorist	terrorist	ADJ	JJ	Degree=Pos	13.0	amod	13:amod	_	_	3.0	9.0	0.0	0.0
cells	cell	busted	NONE	['S', 'S', 'VP', 'SBAR', 'S', 'VP', 'VP', 'PP', 'S', 'VP', 'S', 'NP', 'NNP', 'Edgar']	3.0	13.0	cells	cell	NOUN	NNS	Number=Plur	9.0	obj	9:obj	_	ARG0	3.0	9.0	0.0	1.0
operating	operate	cells	NONE	['S', 'S', 'VP', 'SBAR', 'S', 'VP', 'VP', 'PP', 'S', 'VP', 'S', 'NP', 'NNP', 'Hoover']	3.0	14.0	operating	operate	VERB	VBG	VerbForm=Ger	13.0	acl	13:acl	operate.01	_	3.0	9.0	1.0	0.0
in	in	operating	NONE	['S', 'S', 'VP', 'SBAR', 'S', 'VP', 'VP', 'PP', 'S', 'VP', 'S', 'ADVP', 'RB', 'unwittingly']	3.0	15.0	in	in	ADP	IN	_	16.0	case	16:case	_	_	3.0	9.0	0.0	0.0
Baghdad	Baghdad	in	GPE	['S', 'S', 'VP', 'SBAR', 'S', 'VP', 'VP', 'PP', 'S', 'VP', 'S', 'VP', 'VB', 'employ']	3.0	16.0	Baghdad	Baghdad	PROPN	NNP	Number=Sing	14.0	obl	14:obl:in	_	ARGM-LOC	3.0	9.0	0.0	1.0
.	.	announced	NONE	['S', 'S', 'VP', 'SBAR', 'S', 'VP', 'VP', 'PP', 'S', 'VP', 'S', 'VP', 'PP', 'IN', 'at']	3.0	17.0	.	.	PUNCT	.	_	1.0	punct	1:punct	_	_	3.0	9.0	0.0	0.0
Two	two	run	CARDINAL	['S', 'S', 'VP', 'SBAR', 'S', 'VP', 'VP', 'PP', 'S', 'VP', 'S', 'VP', 'PP', 'NP', 'NP', 'DT', 'a']	4.0	1.0	Two	two	NUM	CD	NumType=Card	6.0	nsubj:pass	6:nsubj:pass	_	_	4.0	10.0	0.0	0.0
of	of	Two	NONE	['S', 'S', 'VP', 'SBAR', 'S', 'VP', 'VP', 'PP', 'S', 'VP', 'S', 'VP', 'PP', 'NP', 'NP', 'JJ', 'high']	4.0	2.0	of	of	ADP	IN	_	3.0	case	3:case	_	_	4.0	10.0	0.0	0.0
them	they	of	NONE	['S', 'S', 'VP', 'SBAR', 'S', 'VP', 'VP', 'PP', 'S', 'VP', 'S', 'VP', 'PP', 'NP', 'NP', 'NN', 'level']	4.0	3.0	them	they	PRON	PRP	|Case=Acc||Number=Plur||Person=3||PronType=Prs|	1.0	nmod	1:nmod:of	_	_	4.0	10.0	0.0	0.0
were	be	run	NONE	['S', 'S', 'VP', 'SBAR', 'S', 'VP', 'VP', 'PP', 'S', 'VP', 'S', 'VP', 'PP', 'NP', 'NP', 'NNS', 'members']	4.0	4.0	were	be	AUX	VBD	|Mood=Ind||Tense=Past||VerbForm=Fin|	6.0	aux	6:aux	be.03	_	4.0	10.0	1.0	0.0
being	be	run	NONE	['S', 'S', 'VP', 'SBAR', 'S', 'VP', 'VP', 'PP', 'S', 'VP', 'S', 'VP', 'PP', 'NP', 'PP', 'IN', 'of']	4.0	5.0	being	be	AUX	VBG	VerbForm=Ger	6.0	aux:pass	6:aux:pass	_	_	4.0	10.0	0.0	0.0
run	run	run	NONE	['S', 'S', 'VP', 'SBAR', 'S', 'VP', 'VP', 'PP', 'S', 'VP', 'S', 'VP', 'PP', 'NP', 'PP', 'NP', 'DT', 'the']	4.0	6.0	run	run	VERB	VBN	|Tense=Past||VerbForm=Part||Voice=Pass|	0.0	root	0:root	_	_	4.0	10.0	0.0	0.0
by	by	run	NONE	['S', 'S', 'VP', 'SBAR', 'S', 'VP', 'VP', 'PP', 'S', 'VP', 'S', 'VP', 'PP', 'NP', 'PP', 'NP', 'NNP', 'Weathermen']	4.0	7.0	by	by	ADP	IN	_	9.0	case	9:case	_	_	4.0	10.0	0.0	0.0
2	2	officials	CARDINAL	['S', 'S', 'VP', 'SBAR', 'S', 'VP', 'VP', 'PP', 'S', 'VP', 'S', 'VP', 'PP', 'NP', 'PP', 'NP', 'NNS', 'bombers']	4.0	8.0	2	2	NUM	CD	NumType=Card	9.0	nummod	9:nummod	_	_	4.0	10.0	0.0	0.0
officials	official	by	NONE	['S', 'S', 'VP', 'SBAR', 'S', 'VP', 'VP', 'PP', 'S', 'VP', 'S', 'VP', 'ADVP', 'RB', 'back']	4.0	9.0	officials	official	NOUN	NNS	Number=Plur	6.0	obl	6:obl:by	_	_	4.0	10.0	0.0	0.0
of	of	officials	NONE	['S', 'S', 'VP', 'SBAR', 'S', 'VP', 'VP', 'PP', 'S', 'VP', 'S', 'VP', 'ADVP', 'PP', 'IN', 'in']	4.0	10.0	of	of	ADP	IN	_	12.0	case	12:case	_	_	4.0	10.0	0.0	0.0
the	the	Ministry	ORG	['S', 'S', 'VP', 'SBAR', 'S', 'VP', 'VP', 'PP', 'S', 'VP', 'S', 'VP', 'ADVP', 'PP', 'NP', 'DT', 'the']	4.0	11.0	the	the	DET	DT	|Definite=Def||PronType=Art|	12.0	det	12:det	_	_	4.0	10.0	0.0	0.0
Ministry	Ministry	of	ORG	['S', 'S', 'VP', 'SBAR', 'S', 'VP', 'VP', 'PP', 'S', 'VP', 'S', 'VP', 'ADVP', 'PP', 'NP', 'NNS', '1960s']	4.0	12.0	Ministry	Ministry	PROPN	NNP	Number=Sing	9.0	nmod	9:nmod:of	_	_	4.0	10.0	0.0	0.0
of	of	Ministry	ORG	['S', '.', '.']	4.0	13.0	of	of	ADP	IN	_	15.0	case	15:case	_	_	4.0	10.0	0.0	0.0
the	the	Interior	ORG	['S', 'S', 'NP', 'NP', 'DT', 'The']	4.0	14.0	the	the	DET	DT	|Definite=Def||PronType=Art|	15.0	det	15:det	_	_	4.0	10.0	0.0	0.0
Interior	Interior	of	ORG	['S', 'S', 'NP', 'NP', 'NNP', 'MoI']	4.0	15.0	Interior	Interior	PROPN	NNP	Number=Sing	12.0	nmod	12:nmod:of	_	_	4.0	10.0	0.0	0.0
!	!	run	NONE	['S', 'S', 'NP', 'PP', 'IN', 'in']	4.0	16.0	!	!	PUNCT	.	_	6.0	punct	6:punct	_	_	4.0	10.0	0.0	0.0
Two	two	run	CARDINAL	['S', 'S', 'NP', 'PP', 'NP', 'NNP', 'Iraq']	4.0	1.0	Two	two	NUM	CD	NumType=Card	6.0	nsubj:pass	6:nsubj:pass	_	_	4.0	11.0	0.0	0.0
of	of	Two	NONE	['S', 'S', 'VP', 'VBZ', 'is']	4.0	2.0	of	of	ADP	IN	_	3.0	case	3:case	_	_	4.0	11.0	0.0	0.0
them	they	of	NONE	['S', 'S', 'VP', 'ADJP', 'JJ', 'equivalent']	4.0	3.0	them	they	PRON	PRP	|Case=Acc||Number=Plur||Person=3||PronType=Prs|	1.0	nmod	1:nmod:of	_	_	4.0	11.0	0.0	0.0
were	be	run	NONE	['S', 'S', 'VP', 'ADJP', 'PP', 'IN', 'to']	4.0	4.0	were	be	AUX	VBD	|Mood=Ind||Tense=Past||VerbForm=Fin|	6.0	aux	6:aux	_	_	4.0	11.0	0.0	0.0
being	be	run	NONE	['S', 'S', 'VP', 'ADJP', 'PP', 'NP', 'DT', 'the']	4.0	5.0	being	be	AUX	VBG	VerbForm=Ger	6.0	aux:pass	6:aux:pass	be.03	_	4.0	11.0	1.0	0.0
run	run	run	NONE	['S', 'S', 'VP', 'ADJP', 'PP', 'NP', 'NNP', 'US']	4.0	6.0	run	run	VERB	VBN	|Tense=Past||VerbForm=Part||Voice=Pass|	0.0	root	0:root	_	_	4.0	11.0	0.0	0.0
by	by	run	NONE	['S', 'S', 'VP', 'ADJP', 'PP', 'NP', 'NNP', 'FBI']	4.0	7.0	by	by	ADP	IN	_	9.0	case	9:case	_	_	4.0	11.0	0.0	0.0
2	2	officials	CARDINAL	['S', ',', ',']	4.0	8.0	2	2	NUM	CD	NumType=Card	9.0	nummod	9:nummod	_	_	4.0	11.0	0.0	0.0
officials	official	by	NONE	['S', 'SBAR', 'RB', 'so']	4.0	9.0	officials	official	NOUN	NNS	Number=Plur	6.0	obl	6:obl:by	_	_	4.0	11.0	0.0	0.0
of	of	officials	NONE	['S', 'SBAR', 'S', 'NP', 'DT', 'this']	4.0	10.0	of	of	ADP	IN	_	12.0	case	12:case	_	_	4.0	11.0	0.0	0.0
the	the	Ministry	ORG	['S', 'SBAR', 'S', 'VP', 'MD', 'would']	4.0	11.0	the	the	DET	DT	|Definite=Def||PronType=Art|	12.0	det	12:det	_	_	4.0	11.0	0.0	0.0
Ministry	Ministry	of	ORG	['S', 'SBAR', 'S', 'VP', 'VP', 'VB', 'be']	4.0	12.0	Ministry	Ministry	PROPN	NNP	Number=Sing	9.0	nmod	9:nmod:of	_	_	4.0	11.0	0.0	0.0
of	of	Ministry	ORG	['S', 'SBAR', 'S', 'VP', 'VP', 'PP', 'IN', 'like']	4.0	13.0	of	of	ADP	IN	_	15.0	case	15:case	_	_	4.0	11.0	0.0	0.0
the	the	Interior	ORG	['S', 'SBAR', 'S', 'VP', 'VP', 'PP', 'S', 'VP', 'VBG', 'having']	4.0	14.0	the	the	DET	DT	|Definite=Def||PronType=Art|	15.0	det	15:det	_	_	4.0	11.0	0.0	0.0
Interior	Interior	of	ORG	['S', 'SBAR', 'S', 'VP', 'VP', 'PP', 'S', 'VP', 'S', 'NP', 'NNP', 'J.']	4.0	15.0	Interior	Interior	PROPN	NNP	Number=Sing	12.0	nmod	12:nmod:of	_	_	4.0	11.0	0.0	0.0
!	!	run	NONE	['S', 'SBAR', 'S', 'VP', 'VP', 'PP', 'S', 'VP', 'S', 'NP', 'NNP', 'Edgar']	4.0	16.0	!	!	PUNCT	.	_	6.0	punct	6:punct	_	_	4.0	11.0	0.0	0.0
Two	two	run	CARDINAL	['S', 'SBAR', 'S', 'VP', 'VP', 'PP', 'S', 'VP', 'S', 'NP', 'NNP', 'Hoover']	4.0	1.0	Two	two	NUM	CD	NumType=Card	6.0	nsubj:pass	6:nsubj:pass	_	ARG1	4.0	12.0	0.0	1.0
of	of	Two	NONE	['S', 'SBAR', 'S', 'VP', 'VP', 'PP', 'S', 'VP', 'S', 'ADVP', 'RB', 'unwittingly']	4.0	2.0	of	of	ADP	IN	_	3.0	case	3:case	_	_	4.0	12.0	0.0	0.0
them	they	of	NONE	['S', 'SBAR', 'S', 'VP', 'VP', 'PP', 'S', 'VP', 'S', 'VP', 'VB', 'employ']	4.0	3.0	them	they	PRON	PRP	|Case=Acc||Number=Plur||Person=3||PronType=Prs|	1.0	nmod	1:nmod:of	_	_	4.0	12.0	0.0	0.0
were	be	run	NONE	['S', 'SBAR', 'S', 'VP', 'VP', 'PP', 'S', 'VP', 'S', 'VP', 'PP', 'IN', 'at']	4.0	4.0	were	be	AUX	VBD	|Mood=Ind||Tense=Past||VerbForm=Fin|	6.0	aux	6:aux	_	_	4.0	12.0	0.0	0.0
being	be	run	NONE	['S', 'SBAR', 'S', 'VP', 'VP', 'PP', 'S', 'VP', 'S', 'VP', 'PP', 'NP', 'NP', 'DT', 'a']	4.0	5.0	being	be	AUX	VBG	VerbForm=Ger	6.0	aux:pass	6:aux:pass	_	_	4.0	12.0	0.0	0.0
run	run	run	NONE	['S', 'SBAR', 'S', 'VP', 'VP', 'PP', 'S', 'VP', 'S', 'VP', 'PP', 'NP', 'NP', 'JJ', 'high']	4.0	6.0	run	run	VERB	VBN	|Tense=Past||VerbForm=Part||Voice=Pass|	0.0	root	0:root	run.01	_	4.0	12.0	1.0	0.0
by	by	run	NONE	['S', 'SBAR', 'S', 'VP', 'VP', 'PP', 'S', 'VP', 'S', 'VP', 'PP', 'NP', 'NP', 'NN', 'level']	4.0	7.0	by	by	ADP	IN	_	9.0	case	9:case	_	_	4.0	12.0	0.0	0.0
2	2	officials	CARDINAL	['S', 'SBAR', 'S', 'VP', 'VP', 'PP', 'S', 'VP', 'S', 'VP', 'PP', 'NP', 'NP', 'NNS', 'members']	4.0	8.0	2	2	NUM	CD	NumType=Card	9.0	nummod	9:nummod	_	_	4.0	12.0	0.0	0.0
officials	official	by	NONE	['S', 'SBAR', 'S', 'VP', 'VP', 'PP', 'S', 'VP', 'S', 'VP', 'PP', 'NP', 'PP', 'IN', 'of']	4.0	9.0	officials	official	NOUN	NNS	Number=Plur	6.0	obl	6:obl:by	_	ARG0	4.0	12.0	0.0	1.0
of	of	officials	NONE	['S', 'SBAR', 'S', 'VP', 'VP', 'PP', 'S', 'VP', 'S', 'VP', 'PP', 'NP', 'PP', 'NP', 'DT', 'the']	4.0	10.0	of	of	ADP	IN	_	12.0	case	12:case	_	_	4.0	12.0	0.0	0.0
the	the	Ministry	ORG	['S', 'SBAR', 'S', 'VP', 'VP', 'PP', 'S', 'VP', 'S', 'VP', 'PP', 'NP', 'PP', 'NP', 'NNP', 'Weathermen']	4.0	11.0	the	the	DET	DT	|Definite=Def||PronType=Art|	12.0	det	12:det	_	_	4.0	12.0	0.0	0.0
Ministry	Ministry	of	ORG	['S', 'SBAR', 'S', 'VP', 'VP', 'PP', 'S', 'VP', 'S', 'VP', 'PP', 'NP', 'PP', 'NP', 'NNS', 'bombers']	4.0	12.0	Ministry	Ministry	PROPN	NNP	Number=Sing	9.0	nmod	9:nmod:of	_	_	4.0	12.0	0.0	0.0
of	of	Ministry	ORG	['S', 'SBAR', 'S', 'VP', 'VP', 'PP', 'S', 'VP', 'S', 'VP', 'ADVP', 'RB', 'back']	4.0	13.0	of	of	ADP	IN	_	15.0	case	15:case	_	_	4.0	12.0	0.0	0.0
the	the	Interior	ORG	['S', 'SBAR', 'S', 'VP', 'VP', 'PP', 'S', 'VP', 'S', 'VP', 'ADVP', 'PP', 'IN', 'in']	4.0	14.0	the	the	DET	DT	|Definite=Def||PronType=Art|	15.0	det	15:det	_	_	4.0	12.0	0.0	0.0
Interior	Interior	of	ORG	['S', 'SBAR', 'S', 'VP', 'VP', 'PP', 'S', 'VP', 'S', 'VP', 'ADVP', 'PP', 'NP', 'DT', 'the']	4.0	15.0	Interior	Interior	PROPN	NNP	Number=Sing	12.0	nmod	12:nmod:of	_	_	4.0	12.0	0.0	0.0
!	!	run	NONE	['S', 'SBAR', 'S', 'VP', 'VP', 'PP', 'S', 'VP', 'S', 'VP', 'ADVP', 'PP', 'NP', 'NNS', '1960s']	4.0	16.0	!	!	PUNCT	.	_	6.0	punct	6:punct	_	_	4.0	12.0	0.0	0.0
The	the	MoI	NONE	['S', '.', '.']	5.0	1.0	The	the	DET	DT	|Definite=Def||PronType=Art|	2.0	det	2:det	_	_	5.0	13.0	0.0	0.0
MoI	moi	is	NONE	['S', 'S', 'NP', 'NP', 'DT', 'The']	5.0	2.0	MoI	MoI	PROPN	NNP	Number=Sing	6.0	nsubj	6:nsubj	_	ARG1	5.0	13.0	0.0	1.0
in	in	MoI	NONE	['S', 'S', 'NP', 'NP', 'NNP', 'MoI']	5.0	3.0	in	in	ADP	IN	_	4.0	case	4:case	_	_	5.0	13.0	0.0	0.0
Iraq	Iraq	in	GPE	['S', 'S', 'NP', 'PP', 'IN', 'in']	5.0	4.0	Iraq	Iraq	PROPN	NNP	Number=Sing	2.0	nmod	2:nmod:in	_	_	5.0	13.0	0.0	0.0
is	be	be	NONE	['S', 'S', 'NP', 'PP', 'NP', 'NNP', 'Iraq']	5.0	5.0	is	be	AUX	VBZ	|Mood=Ind||Number=Sing||Person=3||Tense=Pres||VerbForm=Fin|	6.0	cop	6:cop	be.01	_	5.0	13.0	1.0	0.0
equivalent	equivalent	is	NONE	['S', 'S', 'VP', 'VBZ', 'is']	5.0	6.0	equivalent	equivalent	ADJ	JJ	Degree=Pos	0.0	root	0:root	_	ARG2	5.0	13.0	0.0	1.0
to	to	equivalent	NONE	['S', 'S', 'VP', 'ADJP', 'JJ', 'equivalent']	5.0	7.0	to	to	ADP	IN	_	10.0	case	10:case	_	_	5.0	13.0	0.0	0.0
the	the	FBI	NONE	['S', 'S', 'VP', 'ADJP', 'PP', 'IN', 'to']	5.0	8.0	the	the	DET	DT	|Definite=Def||PronType=Art|	10.0	det	10:det	_	_	5.0	13.0	0.0	0.0
US	US	FBI	GPE	['S', 'S', 'VP', 'ADJP', 'PP', 'NP', 'DT', 'the']	5.0	9.0	US	US	PROPN	NNP	Number=Sing	10.0	compound	10:compound	_	_	5.0	13.0	0.0	0.0
FBI	FBI	to	ORG	['S', 'S', 'VP', 'ADJP', 'PP', 'NP', 'NNP', 'US']	5.0	10.0	FBI	FBI	PROPN	NNP	Number=Sing	6.0	obl	6:obl:to	_	_	5.0	13.0	0.0	0.0
,	,	be	NONE	['S', 'S', 'VP', 'ADJP', 'PP', 'NP', 'NNP', 'FBI']	5.0	11.0	,	,	PUNCT	,	_	6.0	punct	6:punct	_	_	5.0	13.0	0.0	0.0
so	so	be	NONE	['S', 'S', 'S', 'S', 'NP', 'NP', '-LRB-', '[']	5.0	12.0	so	so	ADV	RB	_	17.0	advmod	17:advmod	_	_	5.0	13.0	0.0	0.0
this	this	be	NONE	['S', 'S', 'S', 'S', 'NP', 'NP', 'DT', 'This']	5.0	13.0	this	this	PRON	DT	|Number=Sing||PronType=Dem|	15.0	nsubj	15:nsubj	_	_	5.0	13.0	0.0	0.0
would	would	be	NONE	['S', 'S', 'S', 'S', 'NP', 'NP', 'NN', 'killing']	5.0	14.0	would	would	AUX	MD	VerbForm=Fin	15.0	aux	15:aux	_	_	5.0	13.0	0.0	0.0
be	be	be	NONE	['S', 'S', 'S', 'S', 'NP', 'PP', 'IN', 'of']	5.0	15.0	be	be	VERB	VB	VerbForm=Inf	6.0	parataxis	6:parataxis	_	_	5.0	13.0	0.0	0.0
like	like	be	NONE	['S', 'S', 'S', 'S', 'NP', 'PP', 'NP', 'DT', 'a']	5.0	16.0	like	like	SCONJ	IN	_	17.0	mark	17:mark	_	_	5.0	13.0	0.0	0.0
having	have	like	NONE	['S', 'S', 'S', 'S', 'NP', 'PP', 'NP', 'VBN', 'respected']	5.0	17.0	having	have	VERB	VBG	VerbForm=Ger	15.0	advcl	15:advcl:like	_	_	5.0	13.0	0.0	0.0
J.	J.	Hoover	PERSON	['S', 'S', 'S', 'S', 'NP', 'PP', 'NP', 'NN', 'cleric']	5.0	18.0	J.	J.	PROPN	NNP	Number=Sing	22.0	nsubj	22:nsubj	_	_	5.0	13.0	0.0	0.0
Edgar	Edgar	Hoover	PERSON	['S', 'S', 'S', 'S', 'VP', 'MD', 'will']	5.0	19.0	Edgar	Edgar	PROPN	NNP	Number=Sing	18.0	flat	18:flat	_	_	5.0	13.0	0.0	0.0
Hoover	Hoover	having	PERSON	['S', 'S', 'S', 'S', 'VP', 'VP', 'VB', 'be']	5.0	20.0	Hoover	Hoover	PROPN	NNP	Number=Sing	18.0	flat	18:flat	_	_	5.0	13.0	0.0	0.0
unwittingly	unwittingly	employ	NONE	['S', 'S', 'S', 'S', 'VP', 'VP', 'VP', 'VBG', 'causing']	5.0	21.0	unwittingly	unwittingly	ADV	RB	_	22.0	advmod	22:advmod	_	_	5.0	13.0	0.0	0.0
employ	employ	be	NONE	['S', 'S', 'S', 'S', 'VP', 'VP', 'VP', 'NP', 'PRP', 'us']	5.0	22.0	employ	employ	VERB	VB	VerbForm=Inf	17.0	ccomp	17:ccomp	_	_	5.0	13.0	0.0	0.0
at	at	employ	NONE	['S', 'S', 'S', 'S', 'VP', 'VP', 'VP', 'NP', 'NN', 'trouble']	5.0	23.0	at	at	ADP	IN	_	26.0	case	26:case	_	_	5.0	13.0	0.0	0.0
a	a	members	NONE	['S', 'S', 'S', 'S', 'VP', 'VP', 'VP', 'PP', 'IN', 'for']	5.0	24.0	a	a	DET	DT	|Definite=Ind||PronType=Art|	26.0	det	26:det	_	_	5.0	13.0	0.0	0.0
high	high	level	NONE	['S', 'S', 'S', 'S', 'VP', 'VP', 'VP', 'PP', 'NP', 'NP', 'NNS', 'years']	5.0	25.0	high	high	ADJ	JJ	Degree=Pos	26.0	amod	26:amod	_	_	5.0	13.0	0.0	0.0
level	level	members	NONE	['S', 'S', 'S', 'S', 'VP', 'VP', 'VP', 'PP', 'NP', 'SBAR', 'S', 'VP', 'TO', 'to']	5.0	26.0	level	level	NOUN	NN	Number=Sing	22.0	obl	22:obl:at	_	_	5.0	13.0	0.0	0.0
members	member	at	NONE	['S', 'S', 'S', 'S', 'VP', 'VP', 'VP', 'PP', 'NP', 'SBAR', 'S', 'VP', 'VP', 'VB', 'come']	5.0	27.0	members	member	NOUN	NNS	Number=Plur	22.0	obj	22:obj	_	_	5.0	13.0	0.0	0.0
of	of	members	NONE	['S', 'S', 'S', '.', '.']	5.0	28.0	of	of	ADP	IN	_	31.0	case	31:case	_	_	5.0	13.0	0.0	0.0
the	the	bombers	NONE	['S', 'S', 'S', '-RRB-', ']']	5.0	29.0	the	the	DET	DT	|Definite=Def||PronType=Art|	31.0	det	31:det	_	_	5.0	13.0	0.0	0.0
Weathermen	Weathermen	bombers	PERSON	['S', 'S', 'S', 'S', 'NP', 'NP', '-LRB-', '[']	5.0	30.0	Weathermen	Weathermen	PROPN	NNPS	Number=Plur	31.0	compound	31:compound	_	_	5.0	13.0	0.0	0.0
bombers	bomber	of	NONE	['S', 'S', 'S', 'S', 'NP', 'NP', 'DT', 'This']	5.0	31.0	bombers	bomber	NOUN	NNS	Number=Plur	27.0	nmod	27:nmod:of	_	_	5.0	13.0	0.0	0.0
back	back	employ	NONE	['S', 'S', 'S', 'S', 'NP', 'NP', 'NN', 'killing']	5.0	32.0	back	back	ADV	RB	_	35.0	advmod	35:advmod	_	_	5.0	13.0	0.0	0.0
in	in	back	NONE	['S', 'S', 'S', 'S', 'NP', 'PP', 'IN', 'of']	5.0	33.0	in	in	ADP	IN	_	35.0	case	35:case	_	_	5.0	13.0	0.0	0.0
the	the	1960s	DATE	['S', 'S', 'S', 'S', 'NP', 'PP', 'NP', 'DT', 'a']	5.0	34.0	the	the	DET	DT	|Definite=Def||PronType=Art|	35.0	det	35:det	_	_	5.0	13.0	0.0	0.0
1960s	1960	in	DATE	['S', 'S', 'S', 'S', 'NP', 'PP', 'NP', 'VBN', 'respected']	5.0	35.0	1960s	1960	NOUN	NNS	Number=Plur	22.0	obl	22:obl:in	_	_	5.0	13.0	0.0	0.0
.	.	be	NONE	['S', 'S', 'S', 'S', 'NP', 'PP', 'NP', 'NN', 'cleric']	5.0	36.0	.	.	PUNCT	.	_	6.0	punct	6:punct	_	_	5.0	13.0	0.0	0.0
The	the	MoI	NONE	['S', 'S', 'S', 'S', 'VP', 'MD', 'will']	5.0	1.0	The	the	DET	DT	|Definite=Def||PronType=Art|	2.0	det	2:det	_	_	5.0	14.0	0.0	0.0
MoI	moi	is	NONE	['S', 'S', 'S', 'S', 'VP', 'VP', 'VB', 'be']	5.0	2.0	MoI	MoI	PROPN	NNP	Number=Sing	6.0	nsubj	6:nsubj	_	ARG1	5.0	14.0	0.0	1.0
in	in	MoI	NONE	['S', 'S', 'S', 'S', 'VP', 'VP', 'VP', 'VBG', 'causing']	5.0	3.0	in	in	ADP	IN	_	4.0	case	4:case	_	_	5.0	14.0	0.0	0.0
Iraq	Iraq	in	GPE	['S', 'S', 'S', 'S', 'VP', 'VP', 'VP', 'NP', 'PRP', 'us']	5.0	4.0	Iraq	Iraq	PROPN	NNP	Number=Sing	2.0	nmod	2:nmod:in	_	_	5.0	14.0	0.0	0.0
is	be	be	NONE	['S', 'S', 'S', 'S', 'VP', 'VP', 'VP', 'NP', 'NN', 'trouble']	5.0	5.0	is	be	AUX	VBZ	|Mood=Ind||Number=Sing||Person=3||Tense=Pres||VerbForm=Fin|	6.0	cop	6:cop	_	_	5.0	14.0	0.0	0.0
equivalent	equivalent	is	NONE	['S', 'S', 'S', 'S', 'VP', 'VP', 'VP', 'PP', 'IN', 'for']	5.0	6.0	equivalent	equivalent	ADJ	JJ	Degree=Pos	0.0	root	0:root	equivalent.01	_	5.0	14.0	1.0	0.0
to	to	equivalent	NONE	['S', 'S', 'S', 'S', 'VP', 'VP', 'VP', 'PP', 'NP', 'NP', 'NNS', 'years']	5.0	7.0	to	to	ADP	IN	_	10.0	case	10:case	_	_	5.0	14.0	0.0	0.0
the	the	FBI	NONE	['S', 'S', 'S', 'S', 'VP', 'VP', 'VP', 'PP', 'NP', 'SBAR', 'S', 'VP', 'TO', 'to']	5.0	8.0	the	the	DET	DT	|Definite=Def||PronType=Art|	10.0	det	10:det	_	_	5.0	14.0	0.0	0.0
US	US	FBI	GPE	['S', 'S', 'S', 'S', 'VP', 'VP', 'VP', 'PP', 'NP', 'SBAR', 'S', 'VP', 'VP', 'VB', 'come']	5.0	9.0	US	US	PROPN	NNP	Number=Sing	10.0	compound	10:compound	_	_	5.0	14.0	0.0	0.0
FBI	FBI	to	ORG	['S', 'S', '.', '.']	5.0	10.0	FBI	FBI	PROPN	NNP	Number=Sing	6.0	obl	6:obl:to	_	ARG2	5.0	14.0	0.0	1.0
,	,	be	NONE	['S', 'S', 'S', 'NP', '-RRB-', ']']	5.0	11.0	,	,	PUNCT	,	_	6.0	punct	6:punct	_	_	5.0	14.0	0.0	0.0
so	so	be	NONE	['S', 'S', 'S', 'NP', '-LRB-', '[']	5.0	12.0	so	so	ADV	RB	_	17.0	advmod	17:advmod	_	_	5.0	14.0	0.0	0.0
this	this	be	NONE	['S', 'S', 'S', 'NP', 'NP', 'NP', 'DT', 'This']	5.0	13.0	this	this	PRON	DT	|Number=Sing||PronType=Dem|	15.0	nsubj	15:nsubj	_	_	5.0	14.0	0.0	0.0
would	would	be	NONE	['S', 'S', 'S', 'NP', 'NP', 'NP', 'NN', 'killing']	5.0	14.0	would	would	AUX	MD	VerbForm=Fin	15.0	aux	15:aux	_	_	5.0	14.0	0.0	0.0
be	be	be	NONE	['S', 'S', 'S', 'NP', 'NP', 'PP', 'IN', 'of']	5.0	15.0	be	be	VERB	VB	VerbForm=Inf	6.0	parataxis	6:parataxis	_	_	5.0	14.0	0.0	0.0
like	like	be	NONE	['S', 'S', 'S', 'NP', 'NP', 'PP', 'NP', 'DT', 'a']	5.0	16.0	like	like	SCONJ	IN	_	17.0	mark	17:mark	_	_	5.0	14.0	0.0	0.0
having	have	like	NONE	['S', 'S', 'S', 'NP', 'NP', 'PP', 'NP', 'VBN', 'respected']	5.0	17.0	having	have	VERB	VBG	VerbForm=Ger	15.0	advcl	15:advcl:like	_	_	5.0	14.0	0.0	0.0
J.	J.	Hoover	PERSON	['S', 'S', 'S', 'NP', 'NP', 'PP', 'NP', 'NN', 'cleric']	5.0	18.0	J.	J.	PROPN	NNP	Number=Sing	22.0	nsubj	22:nsubj	_	_	5.0	14.0	0.0	0.0
Edgar	Edgar	Hoover	PERSON	['S', 'S', 'S', 'VP', 'MD', 'will']	5.0	19.0	Edgar	Edgar	PROPN	NNP	Number=Sing	18.0	flat	18:flat	_	_	5.0	14.0	0.0	0.0
Hoover	Hoover	having	PERSON	['S', 'S', 'S', 'VP', 'VP', 'VB', 'be']	5.0	20.0	Hoover	Hoover	PROPN	NNP	Number=Sing	18.0	flat	18:flat	_	_	5.0	14.0	0.0	0.0
unwittingly	unwittingly	employ	NONE	['S', 'S', 'S', 'VP', 'VP', 'VP', 'VBG', 'causing']	5.0	21.0	unwittingly	unwittingly	ADV	RB	_	22.0	advmod	22:advmod	_	_	5.0	14.0	0.0	0.0
employ	employ	be	NONE	['S', 'S', 'S', 'VP', 'VP', 'VP', 'NP', 'PRP', 'us']	5.0	22.0	employ	employ	VERB	VB	VerbForm=Inf	17.0	ccomp	17:ccomp	_	_	5.0	14.0	0.0	0.0
at	at	employ	NONE	['S', 'S', 'S', 'VP', 'VP', 'VP', 'NP', 'NN', 'trouble']	5.0	23.0	at	at	ADP	IN	_	26.0	case	26:case	_	_	5.0	14.0	0.0	0.0
a	a	members	NONE	['S', 'S', 'S', 'VP', 'VP', 'VP', 'PP', 'IN', 'for']	5.0	24.0	a	a	DET	DT	|Definite=Ind||PronType=Art|	26.0	det	26:det	_	_	5.0	14.0	0.0	0.0
high	high	level	NONE	['S', 'S', 'S', 'VP', 'VP', 'VP', 'PP', 'NP', 'NP', 'NNS', 'years']	5.0	25.0	high	high	ADJ	JJ	Degree=Pos	26.0	amod	26:amod	_	_	5.0	14.0	0.0	0.0
level	level	members	NONE	['S', 'S', 'S', 'VP', 'VP', 'VP', 'PP', 'NP', 'SBAR', 'S', 'VP', 'TO', 'to']	5.0	26.0	level	level	NOUN	NN	Number=Sing	22.0	obl	22:obl:at	_	_	5.0	14.0	0.0	0.0
members	member	at	NONE	['S', 'S', 'S', 'VP', 'VP', 'VP', 'PP', 'NP', 'SBAR', 'S', 'VP', 'VP', 'VB', 'come']	5.0	27.0	members	member	NOUN	NNS	Number=Plur	22.0	obj	22:obj	_	_	5.0	14.0	0.0	0.0
of	of	members	NONE	['S', 'S', '.', '.']	5.0	28.0	of	of	ADP	IN	_	31.0	case	31:case	_	_	5.0	14.0	0.0	0.0
the	the	bombers	NONE	['S', 'S', '-RRB-', ']']	5.0	29.0	the	the	DET	DT	|Definite=Def||PronType=Art|	31.0	det	31:det	_	_	5.0	14.0	0.0	0.0
Weathermen	Weathermen	bombers	PERSON	['S', 'S', '-LRB-', '[']	5.0	30.0	Weathermen	Weathermen	PROPN	NNPS	Number=Plur	31.0	compound	31:compound	_	_	5.0	14.0	0.0	0.0
bombers	bomber	of	NONE	['S', 'S', 'S', 'NP', 'NP', 'DT', 'This']	5.0	31.0	bombers	bomber	NOUN	NNS	Number=Plur	27.0	nmod	27:nmod:of	_	_	5.0	14.0	0.0	0.0
back	back	employ	NONE	['S', 'S', 'S', 'NP', 'NP', 'NN', 'killing']	5.0	32.0	back	back	ADV	RB	_	35.0	advmod	35:advmod	_	_	5.0	14.0	0.0	0.0
in	in	back	NONE	['S', 'S', 'S', 'NP', 'PP', 'IN', 'of']	5.0	33.0	in	in	ADP	IN	_	35.0	case	35:case	_	_	5.0	14.0	0.0	0.0
the	the	1960s	DATE	['S', 'S', 'S', 'NP', 'PP', 'NP', 'DT', 'a']	5.0	34.0	the	the	DET	DT	|Definite=Def||PronType=Art|	35.0	det	35:det	_	_	5.0	14.0	0.0	0.0
1960s	1960	in	DATE	['S', 'S', 'S', 'NP', 'PP', 'NP', 'VBN', 'respected']	5.0	35.0	1960s	1960	NOUN	NNS	Number=Plur	22.0	obl	22:obl:in	_	_	5.0	14.0	0.0	0.0
.	.	be	NONE	['S', 'S', 'S', 'NP', 'PP', 'NP', 'NN', 'cleric']	5.0	36.0	.	.	PUNCT	.	_	6.0	punct	6:punct	_	_	5.0	14.0	0.0	0.0
The	the	MoI	NONE	['S', 'S', 'S', 'VP', 'MD', 'will']	5.0	1.0	The	the	DET	DT	|Definite=Def||PronType=Art|	2.0	det	2:det	_	_	5.0	15.0	0.0	0.0
MoI	moi	is	NONE	['S', 'S', 'S', 'VP', 'VP', 'VB', 'be']	5.0	2.0	MoI	MoI	PROPN	NNP	Number=Sing	6.0	nsubj	6:nsubj	_	_	5.0	15.0	0.0	0.0
in	in	MoI	NONE	['S', 'S', 'S', 'VP', 'VP', 'VP', 'VBG', 'causing']	5.0	3.0	in	in	ADP	IN	_	4.0	case	4:case	_	_	5.0	15.0	0.0	0.0
Iraq	Iraq	in	GPE	['S', 'S', 'S', 'VP', 'VP', 'VP', 'NP', 'PRP', 'us']	5.0	4.0	Iraq	Iraq	PROPN	NNP	Number=Sing	2.0	nmod	2:nmod:in	_	_	5.0	15.0	0.0	0.0
is	be	is	NONE	['S', 'S', 'S', 'VP', 'VP', 'VP', 'NP', 'NN', 'trouble']	5.0	5.0	is	be	AUX	VBZ	|Mood=Ind||Number=Sing||Person=3||Tense=Pres||VerbForm=Fin|	6.0	cop	6:cop	_	_	5.0	15.0	0.0	0.0
equivalent	equivalent	is	NONE	['S', 'S', 'S', 'VP', 'VP', 'VP', 'PP', 'IN', 'for']	5.0	6.0	equivalent	equivalent	ADJ	JJ	Degree=Pos	0.0	root	0:root	_	_	5.0	15.0	0.0	0.0
to	to	equivalent	NONE	['S', 'S', 'S', 'VP', 'VP', 'VP', 'PP', 'NP', 'NP', 'NNS', 'years']	5.0	7.0	to	to	ADP	IN	_	10.0	case	10:case	_	_	5.0	15.0	0.0	0.0
the	the	FBI	NONE	['S', 'S', 'S', 'VP', 'VP', 'VP', 'PP', 'NP', 'SBAR', 'S', 'VP', 'TO', 'to']	5.0	8.0	the	the	DET	DT	|Definite=Def||PronType=Art|	10.0	det	10:det	_	_	5.0	15.0	0.0	0.0
US	US	FBI	GPE	['S', 'S', 'S', 'VP', 'VP', 'VP', 'PP', 'NP', 'SBAR', 'S', 'VP', 'VP', 'VB', 'come']	5.0	9.0	US	US	PROPN	NNP	Number=Sing	10.0	compound	10:compound	_	_	5.0	15.0	0.0	0.0
FBI	FBI	to	ORG	['S', '.', '.']	5.0	10.0	FBI	FBI	PROPN	NNP	Number=Sing	6.0	obl	6:obl:to	_	_	5.0	15.0	0.0	0.0
2	2	2	CARDINAL	['S', 'NP', 'NP', '-RRB-', ']']																
